{
    "application": {
        "id": "",
        "title": "mp2.mockProj2.mockProj2",
        "type": "SAP_UI5_Component",
        "componentUrl": "/",
        "appUrl": "#mockProj2-Display",
        "navigationComponentName": "mp2.mockProj2",
        "intentSemanticObject": "mockProj2",
        "intentAction": "Display",
        "html5ApplicationName": "mockproj2",
        "HCPParentApplicationName": ""
    },
    "assignment": {
        "groups": [
            "73a9e5ca-da5d-45d4-8863-fae4bb32b433"
        ],
        "contentPackages": [
            "7b2698da-0450-4984-b007-bee8daa4cccd"
        ],
        "categories": []
    },
    "tile": {
        "type": "StaticTile",
        "title": "MockProj2",
        "subtitle": "TronIT",
        "searchKeywords": "MockProj2,TronIT",
        "displayIconUrl": "sap-icon://approvals",
        "displayInfoText": "",
        "size": "1x1",
        "serviceURL": "",
        "refreshInterval": ""
    }
}